TAACGATT	AATAACGT	priB_d0_1_i1
ATGTAGAC	TTCTTGAA	priB_d0_1_i2
GAGCAGCG	GGCAGATC	priB_d0_1_i3
CTGACTCA	CCGAACTT	priB_d0_1_i28
GAGCATTC	GTCTAACA	priB_d0_1_i29
GGATATTC	GACGCCAT	priB_d0_1_i30
TGTTGATC	CTATGTTA	priB_d0_2_i4
GTCCTTCG	GTTGACGC	priB_d0_2_i5
CCGGCATC	ATCTACGA	priB_d0_2_i6
TTCATAAG	GCCAATGT	priB_d0_2_i31
GGTGCCGA	CCAACGTC	priB_d0_2_i32
CGCTTCTT	GTAGATAA	priB_d0_2_i33
CTTCGTAG	CTCGACAG	priB_d0_3_i7
GACGCATC	GAGGCTGC	priB_d0_3_i8
TGCCGTAG	CCTCGTAG	priB_d0_3_i9
ATCGTGAG	CTTACGGC	priB_d0_3_i34
TCGACCGA	CCAAGTGC	priB_d0_3_i35
CTTACCGA	CTAACTCA	priB_d0_3_i36
AAGGAATC	CATAGGCA	priB_d2_1_i10
TCGAGTAG	AGATGAAC	priB_d2_1_i11
CTCGAATC	CCGAGTAT	priB_d2_1_i12
TGTATCTT	AATATCTG	priB_d2_1_i37
ACAGCGAC	TTATATCA	priB_d2_1_i38
ACATCCGA	CTGCGGAT	priB_d2_1_i39
CGCCGATT	AATATTGA	priB_d2_2_i13
TCGGCGAA	GTATACCG	priB_d2_2_i14
GAGGCCAG	GATCCAAC	priB_d2_2_i15
CCGGCTCG	GCGGCTTG	priB_d2_2_i40
GATAATCG	GAGTTGAT	priB_d2_2_i41
AGCTTCGA	GCACTGAG	priB_d2_2_i42
ATAAGTTC	AGATACGC	priB_d2_3_i16
AATGATAG	GACCACCT	priB_d2_3_i43
TTGGCGCG	TGGCTAGG	priB_d2_3_i44
TCCGTTCG	CCTACCGG	priB_d2_3_i45
GCTTCCAG	GGTGCAGA	priB_d2_3_i55
CTCGTTGA	CGTCAACC	priB_d2_3_i58
GTCAGTAG	GGAGGATG	mESC_1_i46
ACTTAAGA	CGCTGAAT	mESC_1_i47
GACTCTAA	TGTGACGA	mESC_1_i48
CTCTTACG	TCGCTGAC	mESC_1_i56
GTCTCGCA	GCCGGCGA	mESC_1_i59
TTCGTCTT	AATAGATT	mESC_2_i49
CATAATAA	TTAGCGCA	mESC_2_i50
TAATAGCG	GCGGCCGT	mESC_2_i51
GCTCTCTT	CAGCCAGT	mESC_2_i57
ACACCAGG	GCCTCCGG	mESC_2_i60
AACGGATT	AATATGCT	mESC_3_i25
TGTACGCA	TTCTCATA	mESC_3_i26
ATTGATTC	TCTGTGAT	mESC_3_i27
CTGATAGA	CAGTAACC	mESC_3_i52
TACCACCG	GCCTAGTA	mESC_3_i53
ATTGGTGA	CACGGCGC	mESC_3_i54
