TAACGATT	priB_d0_1_i1
ATGTAGAC	priB_d0_1_i2
GAGCAGCG	priB_d0_1_i3
CTGACTCA	priB_d0_1_i28
GAGCATTC	priB_d0_1_i29
GGATATTC	priB_d0_1_i30
TGTTGATC	priB_d0_2_i4
GTCCTTCG	priB_d0_2_i5
CCGGCATC	priB_d0_2_i6
TTCATAAG	priB_d0_2_i31
GGTGCCGA	priB_d0_2_i32
CGCTTCTT	priB_d0_2_i33
CTTCGTAG	priB_d0_3_i7
GACGCATC	priB_d0_3_i8
TGCCGTAG	priB_d0_3_i9
ATCGTGAG	priB_d0_3_i34
TCGACCGA	priB_d0_3_i35
CTTACCGA	priB_d0_3_i36
AAGGAATC	priB_d2_1_i10
TCGAGTAG	priB_d2_1_i11
CTCGAATC	priB_d2_1_i12
TGTATCTT	priB_d2_1_i37
ACAGCGAC	priB_d2_1_i38
ACATCCGA	priB_d2_1_i39
CGCCGATT	priB_d2_2_i13
TCGGCGAA	priB_d2_2_i14
GAGGCCAG	priB_d2_2_i15
CCGGCTCG	priB_d2_2_i40
GATAATCG	priB_d2_2_i41
AGCTTCGA	priB_d2_2_i42
ATAAGTTC	priB_d2_3_i16
AATGATAG	priB_d2_3_i43
TTGGCGCG	priB_d2_3_i44
TCCGTTCG	priB_d2_3_i45
GCTTCCAG	priB_d2_3_i55
CTCGTTGA	priB_d2_3_i58
GTCAGTAG	mESC_1_i46
ACTTAAGA	mESC_1_i47
GACTCTAA	mESC_1_i48
CTCTTACG	mESC_1_i56
GTCTCGCA	mESC_1_i59
TTCGTCTT	mESC_2_i49
CATAATAA	mESC_2_i50
TAATAGCG	mESC_2_i51
GCTCTCTT	mESC_2_i57
ACACCAGG	mESC_2_i60
AACGGATT	mESC_3_i25
TGTACGCA	mESC_3_i26
ATTGATTC	mESC_3_i27
CTGATAGA	mESC_3_i52
TACCACCG	mESC_3_i53
ATTGGTGA	mESC_3_i54
